{"ELBO": -8.257589340209961, "_runtime": 1231, "_timestamp": 1635723135, "_step": 29999, "Mu": 7.148667335510254, "Sigma": 0.2866060733795166, "_wandb": {"runtime": 1231}}