{"ELBO": -8.677045822143555, "_runtime": 514, "_timestamp": 1635721579, "_step": 9151, "Parameters": [6.431682109832764, 0.47511184215545654], "_wandb": {"runtime": 514}}